{
  "round": 4,
  "best_val_acc": 70.56603773584905,
  "training_time_sec": 3354.24493932724,
  "epochs_trained": 37,
  "test_accuracy": 0.5889328063241107,
  "test_precision": 0.6189983812556029,
  "test_recall": 0.5889328063241107,
  "test_f1": 0.5848162185150123,
  "test_precision_per_class": [
    0.8347107438016529,
    0.6888888888888889,
    0.5246636771300448,
    0.5168539325842697,
    0.4126984126984127,
    0.6272727272727273
  ],
  "test_recall_per_class": [
    0.6011904761904762,
    0.47692307692307695,
    0.9669421487603306,
    0.40707964601769914,
    0.46017699115044247,
    0.6052631578947368
  ],
  "test_f1_per_class": [
    0.698961937716263,
    0.5636363636363636,
    0.6802325581395349,
    0.45544554455445546,
    0.4351464435146444,
    0.6160714285714286
  ],
  "class_names": [
    "1_acinar",
    "2_cribriform",
    "3_lepidic",
    "4_micropapillary",
    "5_papillary",
    "6_solid"
  ]
}